{
  "micro_f1": 0.895641743302679,
  "macro_f1": 0.8784683070817375,
  "weighted_f1": 0.8984876499517859,
  "per_label": {
    "armed_assault": {
      "precision": 0.9552238805970149,
      "recall": 0.8938547486033519,
      "f1-score": 0.9235209235209235,
      "support": 358.0
    },
    "arrest": {
      "precision": 0.9837662337662337,
      "recall": 0.9934426229508196,
      "f1-score": 0.9885807504078303,
      "support": 305.0
    },
    "bombing": {
      "precision": 0.8761904761904762,
      "recall": 0.8070175438596491,
      "f1-score": 0.8401826484018264,
      "support": 114.0
    },
    "infrastructure": {
      "precision": 0.6912751677852349,
      "recall": 0.9363636363636364,
      "f1-score": 0.7953667953667953,
      "support": 110.0
    },
    "surrender": {
      "precision": 0.9625,
      "recall": 0.9871794871794872,
      "f1-score": 0.9746835443037974,
      "support": 78.0
    },
    "seizure": {
      "precision": 0.7420634920634921,
      "recall": 0.8697674418604651,
      "f1-score": 0.8008565310492506,
      "support": 215.0
    },
    "abduction": {
      "precision": 0.8444444444444444,
      "recall": 0.8085106382978723,
      "f1-score": 0.8260869565217391,
      "support": 47.0
    }
  },
  "timing": {
    "total_time_seconds": 29.62818694114685,
    "time_per_item_seconds": 0.03004887113706577,
    "throughput_items_per_second": 33.27912038487475,
    "num_items": 986
  }
}