{
  "micro_f1": 0.8934169278996865,
  "macro_f1": 0.8821727744786818,
  "weighted_f1": 0.8954551855358175,
  "per_label": {
    "armed_assault": {
      "precision": 0.9050279329608939,
      "recall": 0.9050279329608939,
      "f1-score": 0.9050279329608939,
      "support": 358.0
    },
    "arrest": {
      "precision": 0.9589905362776026,
      "recall": 0.9967213114754099,
      "f1-score": 0.977491961414791,
      "support": 305.0
    },
    "bombing": {
      "precision": 0.8372093023255814,
      "recall": 0.9473684210526315,
      "f1-score": 0.8888888888888888,
      "support": 114.0
    },
    "infrastructure": {
      "precision": 0.7246376811594203,
      "recall": 0.9090909090909091,
      "f1-score": 0.8064516129032258,
      "support": 110.0
    },
    "surrender": {
      "precision": 0.9625,
      "recall": 0.9871794871794872,
      "f1-score": 0.9746835443037974,
      "support": 78.0
    },
    "seizure": {
      "precision": 0.7459677419354839,
      "recall": 0.8604651162790697,
      "f1-score": 0.7991360691144709,
      "support": 215.0
    },
    "abduction": {
      "precision": 0.7636363636363637,
      "recall": 0.8936170212765957,
      "f1-score": 0.8235294117647058,
      "support": 47.0
    }
  },
  "timing": {
    "total_time_seconds": 28.88909888267517,
    "time_per_item_seconds": 0.029299288927662447,
    "throughput_items_per_second": 34.130521135475966,
    "num_items": 986
  }
}