{
  "micro_f1": 0.8922345483359746,
  "macro_f1": 0.8759416972094688,
  "weighted_f1": 0.8966339228476484,
  "per_label": {
    "armed_assault": {
      "precision": 0.9580838323353293,
      "recall": 0.8938547486033519,
      "f1-score": 0.9248554913294798,
      "support": 358.0
    },
    "arrest": {
      "precision": 0.9901315789473685,
      "recall": 0.9868852459016394,
      "f1-score": 0.9885057471264368,
      "support": 305.0
    },
    "bombing": {
      "precision": 0.8846153846153846,
      "recall": 0.8070175438596491,
      "f1-score": 0.8440366972477065,
      "support": 114.0
    },
    "infrastructure": {
      "precision": 0.6845637583892618,
      "recall": 0.9272727272727272,
      "f1-score": 0.7876447876447876,
      "support": 110.0
    },
    "surrender": {
      "precision": 0.9746835443037974,
      "recall": 0.9871794871794872,
      "f1-score": 0.9808917197452229,
      "support": 78.0
    },
    "seizure": {
      "precision": 0.7084870848708487,
      "recall": 0.8930232558139535,
      "f1-score": 0.7901234567901234,
      "support": 215.0
    },
    "abduction": {
      "precision": 0.75,
      "recall": 0.8936170212765957,
      "f1-score": 0.8155339805825242,
      "support": 47.0
    }
  },
  "timing": {
    "total_time_seconds": 42.147929191589355,
    "time_per_item_seconds": 0.04274637849045573,
    "throughput_items_per_second": 23.393794639779287,
    "num_items": 986
  }
}