{
  "micro_f1": 0.8800403225806451,
  "macro_f1": 0.6785343659739795,
  "weighted_f1": 0.8724295784881922,
  "per_label": {
    "Maoist": {
      "precision": 0.8547008547008547,
      "recall": 0.9633911368015414,
      "f1-score": 0.9057971014492754,
      "support": 519.0
    },
    "Security": {
      "precision": 0.9530026109660574,
      "recall": 0.8548009367681498,
      "f1-score": 0.9012345679012346,
      "support": 427.0
    },
    "Unknown": {
      "precision": 0.3333333333333333,
      "recall": 0.17391304347826086,
      "f1-score": 0.22857142857142856,
      "support": 46.0
    }
  },
  "timing": {
    "total_time_seconds": 26.859753847122192,
    "time_per_item_seconds": 0.027076364765244144,
    "throughput_items_per_second": 36.93257971186824,
    "num_items": 992
  }
}