{
  "micro_f1": 0.8245967741935484,
  "macro_f1": 0.6737665913411451,
  "weighted_f1": 0.8338270823726887,
  "per_label": {
    "Maoist": {
      "precision": 0.8671454219030521,
      "recall": 0.930635838150289,
      "f1-score": 0.8977695167286245,
      "support": 519.0
    },
    "Security": {
      "precision": 0.9075144508670521,
      "recall": 0.7353629976580797,
      "f1-score": 0.8124191461836999,
      "support": 427.0
    },
    "Unknown": {
      "precision": 0.23595505617977527,
      "recall": 0.45652173913043476,
      "f1-score": 0.3111111111111111,
      "support": 46.0
    }
  },
  "timing": {
    "total_time_seconds": 32.1550018787384,
    "time_per_item_seconds": 0.03241431641001855,
    "throughput_items_per_second": 30.850565760841466,
    "num_items": 992
  }
}