{
  "micro_f1": 0.8286290322580645,
  "macro_f1": 0.6797862793806,
  "weighted_f1": 0.8368738933353209,
  "per_label": {
    "Maoist": {
      "precision": 0.8695652173913043,
      "recall": 0.9248554913294798,
      "f1-score": 0.896358543417367,
      "support": 519.0
    },
    "Security": {
      "precision": 0.901685393258427,
      "recall": 0.7517564402810304,
      "f1-score": 0.8199233716475096,
      "support": 427.0
    },
    "Unknown": {
      "precision": 0.25,
      "recall": 0.45652173913043476,
      "f1-score": 0.3230769230769231,
      "support": 46.0
    }
  },
  "timing": {
    "total_time_seconds": 43.46343684196472,
    "time_per_item_seconds": 0.043813948429399924,
    "throughput_items_per_second": 22.823781828550803,
    "num_items": 992
  }
}