{
  "overall": {
    "mae": 0.370197904540163,
    "rmse": 2.2064568176171755,
    "mdae": 0.0,
    "exact_match": 0.8626309662398137,
    "within_1": 0.9464493597206054,
    "within_2": 0.9732246798603027,
    "nonzero_mae": 0.5574074074074075,
    "extraction_rate": 1.0
  },
  "bins": {
    "0": {
      "mae": 0.05329153605015674,
      "rmse": 0.4372900302235524,
      "exact_match": 0.9780564263322884,
      "within_1": 0.987460815047022,
      "within_2": 0.9937304075235109,
      "n": 319
    },
    "1": {
      "mae": 0.033846153846153845,
      "rmse": 0.2,
      "exact_match": 0.9692307692307692,
      "within_1": 0.9969230769230769,
      "within_2": 1.0,
      "n": 325
    },
    "2": {
      "mae": 0.08823529411764706,
      "rmse": 0.3570027736477083,
      "exact_match": 0.9313725490196079,
      "within_1": 0.9803921568627451,
      "within_2": 1.0,
      "n": 102
    },
    "3-5": {
      "mae": 1.1733333333333333,
      "rmse": 1.39522996909709,
      "exact_match": 0.10666666666666667,
      "within_1": 0.7866666666666666,
      "within_2": 0.96,
      "n": 75
    },
    "6+": {
      "mae": 5.078947368421052,
      "rmse": 10.194167579139503,
      "exact_match": 0.2894736842105263,
      "within_1": 0.39473684210526316,
      "within_2": 0.5263157894736842,
      "n": 38
    }
  }
}