{
  "overall": {
    "mae": 5.838183934807916,
    "rmse": 86.0819992432426,
    "mdae": 0.0,
    "exact_match": 0.6274738067520372,
    "within_1": 0.7671711292200233,
    "within_2": 0.8544819557625145,
    "nonzero_mae": 0.662962962962963,
    "extraction_rate": 1.0
  },
  "bins": {
    "0": {
      "mae": 14.598746081504702,
      "rmse": 141.23673405676706,
      "exact_match": 0.34796238244514105,
      "within_1": 0.6394984326018809,
      "within_2": 0.7617554858934169,
      "n": 319
    },
    "1": {
      "mae": 0.12,
      "rmse": 0.8133501469468494,
      "exact_match": 0.9415384615384615,
      "within_1": 0.9784615384615385,
      "within_2": 0.9907692307692307,
      "n": 325
    },
    "2": {
      "mae": 0.7156862745098039,
      "rmse": 1.1757350641945108,
      "exact_match": 0.6078431372549019,
      "within_1": 0.6862745098039216,
      "within_2": 0.9901960784313726,
      "n": 102
    },
    "3-5": {
      "mae": 1.3466666666666667,
      "rmse": 2.2,
      "exact_match": 0.5733333333333334,
      "within_1": 0.64,
      "within_2": 0.6533333333333333,
      "n": 75
    },
    "6+": {
      "mae": 3.8157894736842106,
      "rmse": 5.649871912847136,
      "exact_match": 0.4473684210526316,
      "within_1": 0.5,
      "within_2": 0.5,
      "n": 38
    }
  },
  "timing": {
    "total_time_seconds": 19.59095311164856,
    "time_per_item_seconds": 0.022806697452443025,
    "throughput_items_per_second": 43.84676922580394,
    "num_items": 859
  }
}