{
  "overall": {
    "mae": 0.3259604190919674,
    "rmse": 2.4275293447126876,
    "mdae": 0.0,
    "exact_match": 0.9534342258440046,
    "within_1": 0.9720605355064028,
    "within_2": 0.9790454016298021,
    "nonzero_mae": 0.4537037037037037,
    "extraction_rate": 0.9662398137369034
  },
  "bins": {
    "0": {
      "mae": 0.109717868338558,
      "rmse": 1.4372998020604937,
      "exact_match": 0.987460815047022,
      "within_1": 0.9937304075235109,
      "within_2": 0.9937304075235109,
      "n": 319
    },
    "1": {
      "mae": 0.08282208588957055,
      "rmse": 0.753315778791794,
      "exact_match": 0.9570552147239264,
      "within_1": 0.9938650306748467,
      "within_2": 0.9969325153374233,
      "n": 326
    },
    "2": {
      "mae": 0.058823529411764705,
      "rmse": 0.3429971702850177,
      "exact_match": 0.9705882352941176,
      "within_1": 0.9705882352941176,
      "within_2": 1.0,
      "n": 102
    },
    "3-5": {
      "mae": 0.24324324324324326,
      "rmse": 0.86991767240168,
      "exact_match": 0.9054054054054054,
      "within_1": 0.9324324324324325,
      "within_2": 0.9459459459459459,
      "n": 74
    },
    "6+": {
      "mae": 5.105263157894737,
      "rmse": 10.45038402719199,
      "exact_match": 0.6842105263157895,
      "within_1": 0.6842105263157895,
      "within_2": 0.7105263157894737,
      "n": 38
    }
  },
  "timing": {
    "total_time_seconds": 1313.2115335464478,
    "time_per_item_seconds": 1.5287677922543048,
    "throughput_items_per_second": 0.654121577565034,
    "num_items": 859
  }
}