{
  "overall": {
    "mae": 0.11525029103608847,
    "rmse": 1.1645720983663332,
    "mdae": 0.0,
    "exact_match": 0.9720605355064028,
    "within_1": 0.9871944121071012,
    "within_2": 0.9918509895227008,
    "nonzero_mae": 0.11851851851851852,
    "extraction_rate": 1.0
  },
  "bins": {
    "0": {
      "mae": 0.109717868338558,
      "rmse": 1.4372998020604937,
      "exact_match": 0.987460815047022,
      "within_1": 0.9937304075235109,
      "within_2": 0.9937304075235109,
      "n": 319
    },
    "1": {
      "mae": 0.0736196319018405,
      "rmse": 0.8508386335657886,
      "exact_match": 0.9723926380368099,
      "within_1": 0.9938650306748467,
      "within_2": 0.9969325153374233,
      "n": 326
    },
    "2": {
      "mae": 0.0392156862745098,
      "rmse": 0.28005601680560194,
      "exact_match": 0.9803921568627451,
      "within_1": 0.9803921568627451,
      "within_2": 1.0,
      "n": 102
    },
    "3-5": {
      "mae": 0.08108108108108109,
      "rmse": 0.4026936331284146,
      "exact_match": 0.9459459459459459,
      "within_1": 0.9864864864864865,
      "within_2": 0.9864864864864865,
      "n": 74
    },
    "6+": {
      "mae": 0.7894736842105263,
      "rmse": 2.564945880212885,
      "exact_match": 0.868421052631579,
      "within_1": 0.8947368421052632,
      "within_2": 0.9210526315789473,
      "n": 38
    }
  },
  "timing": {
    "total_time_seconds": 878.0512092113495,
    "time_per_item_seconds": 1.022178357638358,
    "throughput_items_per_second": 0.9783028495246183,
    "num_items": 859
  }
}