{
  "overall": {
    "mae": 0.13271245634458673,
    "rmse": 0.9393728866941561,
    "mdae": 0.0,
    "exact_match": 0.9545983701979045,
    "within_1": 0.9790454016298021,
    "within_2": 0.9860302677532014,
    "nonzero_mae": 0.17407407407407408,
    "extraction_rate": 1.0
  },
  "bins": {
    "0": {
      "mae": 0.06269592476489028,
      "rmse": 0.6529412595335463,
      "exact_match": 0.9843260188087775,
      "within_1": 0.9905956112852664,
      "within_2": 0.9937304075235109,
      "n": 319
    },
    "1": {
      "mae": 0.08923076923076922,
      "rmse": 0.4540416788730371,
      "exact_match": 0.9446153846153846,
      "within_1": 0.9815384615384616,
      "within_2": 0.9907692307692307,
      "n": 325
    },
    "2": {
      "mae": 0.058823529411764705,
      "rmse": 0.28005601680560194,
      "exact_match": 0.9509803921568627,
      "within_1": 0.9901960784313726,
      "within_2": 1.0,
      "n": 102
    },
    "3-5": {
      "mae": 0.16,
      "rmse": 0.7302967433402214,
      "exact_match": 0.9333333333333333,
      "within_1": 0.96,
      "within_2": 0.9733333333333334,
      "n": 75
    },
    "6+": {
      "mae": 1.236842105263158,
      "rmse": 3.6526846651686067,
      "exact_match": 0.8421052631578947,
      "within_1": 0.868421052631579,
      "within_2": 0.868421052631579,
      "n": 38
    }
  },
  "timing": {
    "total_time_seconds": 129.21771001815796,
    "time_per_item_seconds": 0.150428067541511,
    "throughput_items_per_second": 6.647695581970083,
    "num_items": 859
  }
}