{
  "overall": {
    "mae": 0.10011641443538999,
    "rmse": 0.807416149320742,
    "mdae": 0.0,
    "exact_match": 0.9604190919674039,
    "within_1": 0.9860302677532014,
    "within_2": 0.9906868451688009,
    "nonzero_mae": 0.13148148148148148,
    "extraction_rate": 1.0
  },
  "bins": {
    "0": {
      "mae": 0.047021943573667714,
      "rmse": 0.5282015384337325,
      "exact_match": 0.9811912225705329,
      "within_1": 0.9937304075235109,
      "within_2": 0.9968652037617555,
      "n": 319
    },
    "1": {
      "mae": 0.0736196319018405,
      "rmse": 0.8508386335657886,
      "exact_match": 0.9723926380368099,
      "within_1": 0.9938650306748467,
      "within_2": 0.9969325153374233,
      "n": 326
    },
    "2": {
      "mae": 0.049019607843137254,
      "rmse": 0.2619684159977919,
      "exact_match": 0.9607843137254902,
      "within_1": 0.9901960784313726,
      "within_2": 1.0,
      "n": 102
    },
    "3-5": {
      "mae": 0.12162162162162163,
      "rmse": 0.45022516889074815,
      "exact_match": 0.9054054054054054,
      "within_1": 0.9864864864864865,
      "within_2": 0.9864864864864865,
      "n": 74
    },
    "6+": {
      "mae": 0.868421052631579,
      "rmse": 2.367543697145786,
      "exact_match": 0.7894736842105263,
      "within_1": 0.8421052631578947,
      "within_2": 0.868421052631579,
      "n": 38
    }
  }
}