{
  "overall": {
    "mae": 0.2339930151338766,
    "rmse": 2.769575264882024,
    "mdae": 0.0,
    "exact_match": 0.9487776484284052,
    "within_1": 0.9767171129220024,
    "within_2": 0.9837019790454016,
    "nonzero_mae": 0.18518518518518517,
    "extraction_rate": 1.0
  },
  "bins": {
    "0": {
      "mae": 0.3166144200626959,
      "rmse": 4.307535134409153,
      "exact_match": 0.9686520376175548,
      "within_1": 0.9843260188087775,
      "within_2": 0.9905956112852664,
      "n": 319
    },
    "1": {
      "mae": 0.06461538461538462,
      "rmse": 0.3882901373576604,
      "exact_match": 0.9569230769230769,
      "within_1": 0.9907692307692307,
      "within_2": 0.9938461538461538,
      "n": 325
    },
    "2": {
      "mae": 0.058823529411764705,
      "rmse": 0.28005601680560194,
      "exact_match": 0.9509803921568627,
      "within_1": 0.9901960784313726,
      "within_2": 1.0,
      "n": 102
    },
    "3-5": {
      "mae": 0.2,
      "rmse": 0.7745966692414834,
      "exact_match": 0.9066666666666666,
      "within_1": 0.9466666666666667,
      "within_2": 0.9733333333333334,
      "n": 75
    },
    "6+": {
      "mae": 1.5263157894736843,
      "rmse": 3.8661826678330438,
      "exact_match": 0.7894736842105263,
      "within_1": 0.8157894736842105,
      "within_2": 0.8157894736842105,
      "n": 38
    }
  },
  "timing": {
    "total_time_seconds": 121.88153648376465,
    "time_per_item_seconds": 0.14188770254221728,
    "throughput_items_per_second": 7.047827134296292,
    "num_items": 859
  }
}