{
  "overall": {
    "mae": 0.30267753201396974,
    "rmse": 3.0448720226733132,
    "mdae": 0.0,
    "exact_match": 0.9441210710128056,
    "within_1": 0.9720605355064028,
    "within_2": 0.9778812572759022,
    "nonzero_mae": 0.21851851851851853,
    "extraction_rate": 1.0
  },
  "bins": {
    "0": {
      "mae": 0.445141065830721,
      "rmse": 4.662260944647721,
      "exact_match": 0.9529780564263323,
      "within_1": 0.9780564263322884,
      "within_2": 0.9843260188087775,
      "n": 319
    },
    "1": {
      "mae": 0.11384615384615385,
      "rmse": 1.1272840062598382,
      "exact_match": 0.9692307692307692,
      "within_1": 0.9846153846153847,
      "within_2": 0.9876923076923076,
      "n": 325
    },
    "2": {
      "mae": 0.058823529411764705,
      "rmse": 0.28005601680560194,
      "exact_match": 0.9509803921568627,
      "within_1": 0.9901960784313726,
      "within_2": 1.0,
      "n": 102
    },
    "3-5": {
      "mae": 0.26666666666666666,
      "rmse": 0.8944271909999159,
      "exact_match": 0.8666666666666667,
      "within_1": 0.9466666666666667,
      "within_2": 0.96,
      "n": 75
    },
    "6+": {
      "mae": 1.4473684210526316,
      "rmse": 3.800969405434965,
      "exact_match": 0.7894736842105263,
      "within_1": 0.8157894736842105,
      "within_2": 0.8157894736842105,
      "n": 38
    }
  },
  "timing": {
    "total_time_seconds": 39.698901414871216,
    "time_per_item_seconds": 0.046215251938150424,
    "throughput_items_per_second": 21.63787836401484,
    "num_items": 859
  }
}