{
  "overall": {
    "mae": 0.15366705471478465,
    "rmse": 1.2092002764216745,
    "mdae": 0.0,
    "exact_match": 0.9580908032596042,
    "within_1": 0.9767171129220024,
    "within_2": 0.9837019790454016,
    "nonzero_mae": 0.1685185185185185,
    "extraction_rate": 1.0
  },
  "bins": {
    "0": {
      "mae": 0.12852664576802508,
      "rmse": 1.4950283334667402,
      "exact_match": 0.9717868338557993,
      "within_1": 0.9937304075235109,
      "within_2": 0.9937304075235109,
      "n": 319
    },
    "1": {
      "mae": 0.0705521472392638,
      "rmse": 0.604177684830072,
      "exact_match": 0.9754601226993865,
      "within_1": 0.9877300613496932,
      "within_2": 0.9877300613496932,
      "n": 326
    },
    "2": {
      "mae": 0.06862745098039216,
      "rmse": 0.3570027736477083,
      "exact_match": 0.9607843137254902,
      "within_1": 0.9705882352941176,
      "within_2": 1.0,
      "n": 102
    },
    "3-5": {
      "mae": 0.0945945945945946,
      "rmse": 0.3855498004780299,
      "exact_match": 0.9324324324324325,
      "within_1": 0.972972972972973,
      "within_2": 1.0,
      "n": 74
    },
    "6+": {
      "mae": 1.4210526315789473,
      "rmse": 3.244428422615251,
      "exact_match": 0.7368421052631579,
      "within_1": 0.7631578947368421,
      "within_2": 0.7894736842105263,
      "n": 38
    }
  }
}