{
  "overall": {
    "mae": 0.2968568102444703,
    "rmse": 3.7526862710766125,
    "mdae": 0.0,
    "exact_match": 0.9545983701979045,
    "within_1": 0.9790454016298021,
    "within_2": 0.9848661233993015,
    "nonzero_mae": 0.1648148148148148,
    "extraction_rate": 1.0
  },
  "bins": {
    "0": {
      "mae": 0.5203761755485894,
      "rmse": 6.002089500324529,
      "exact_match": 0.9780564263322884,
      "within_1": 0.9843260188087775,
      "within_2": 0.9905956112852664,
      "n": 319
    },
    "1": {
      "mae": 0.04923076923076923,
      "rmse": 0.2935197542821371,
      "exact_match": 0.963076923076923,
      "within_1": 0.9938461538461538,
      "within_2": 0.9938461538461538,
      "n": 325
    },
    "2": {
      "mae": 0.0784313725490196,
      "rmse": 0.3429971702850177,
      "exact_match": 0.9411764705882353,
      "within_1": 0.9803921568627451,
      "within_2": 1.0,
      "n": 102
    },
    "3-5": {
      "mae": 0.24,
      "rmse": 0.8793937305515279,
      "exact_match": 0.8933333333333333,
      "within_1": 0.9466666666666667,
      "within_2": 0.96,
      "n": 75
    },
    "6+": {
      "mae": 1.236842105263158,
      "rmse": 3.6526846651686067,
      "exact_match": 0.8421052631578947,
      "within_1": 0.868421052631579,
      "within_2": 0.868421052631579,
      "n": 38
    }
  },
  "timing": {
    "total_time_seconds": 1249.812219619751,
    "time_per_item_seconds": 1.4549618389054144,
    "throughput_items_per_second": 0.6873032496524529,
    "num_items": 859
  }
}