{
  "overall": {
    "mae": 0.1362048894062864,
    "rmse": 0.9262690693444395,
    "mdae": 0.0,
    "exact_match": 0.9545983701979045,
    "within_1": 0.9778812572759022,
    "within_2": 0.9837019790454016,
    "nonzero_mae": 0.18888888888888888,
    "extraction_rate": 1.0
  },
  "bins": {
    "0": {
      "mae": 0.047021943573667714,
      "rmse": 0.391924757669098,
      "exact_match": 0.9749216300940439,
      "within_1": 0.9905956112852664,
      "within_2": 0.9968652037617555,
      "n": 319
    },
    "1": {
      "mae": 0.147239263803681,
      "rmse": 1.053769162507976,
      "exact_match": 0.9570552147239264,
      "within_1": 0.9785276073619632,
      "within_2": 0.9785276073619632,
      "n": 326
    },
    "2": {
      "mae": 0.06862745098039216,
      "rmse": 0.32839478871459266,
      "exact_match": 0.9509803921568627,
      "within_1": 0.9803921568627451,
      "within_2": 1.0,
      "n": 102
    },
    "3-5": {
      "mae": 0.05405405405405406,
      "rmse": 0.23249527748763857,
      "exact_match": 0.9459459459459459,
      "within_1": 1.0,
      "within_2": 1.0,
      "n": 74
    },
    "6+": {
      "mae": 1.131578947368421,
      "rmse": 2.8608059225183013,
      "exact_match": 0.7894736842105263,
      "within_1": 0.8157894736842105,
      "within_2": 0.8421052631578947,
      "n": 38
    }
  }
}