Model,MAE,RMSE,MdAE,Exact Match,Within-1,Within-2,Non-zero MAE,Extraction Rate,N
llama3_8b,0.10011641443538999,0.807416149320742,0.0,0.9604190919674039,0.9860302677532014,0.9906868451688009,0.13148148148148148,1.0,859
mistral_7b,0.15366705471478465,1.2092002764216745,0.0,0.9580908032596042,0.9767171129220024,0.9837019790454016,0.1685185185185185,1.0,859
mixtral_8x7b,0.1362048894062864,0.9262690693444395,0.0,0.9545983701979045,0.9778812572759022,0.9837019790454016,0.18888888888888888,1.0,859
flan_t5_xl,2.660069848661234,14.7583957282055,0.0,0.6647264260768335,0.7927823050058207,0.8777648428405123,0.975925925925926,1.0,859
gpt4o_mini,0.11525029103608847,1.1645720983663332,0.0,0.9720605355064028,0.9871944121071012,0.9918509895227008,0.11851851851851852,1.0,859
gemini_flash,0.3259604190919674,2.4275293447126876,0.0,0.9534342258440046,0.9720605355064028,0.9790454016298021,0.4537037037037037,1.0,859
