Model,MAE,RMSE,MdAE,Exact Match,Within-1,Within-2,Non-zero MAE,Extraction Rate,N
llama3_8b,0.2339930151338766,2.769575264882024,0.0,0.9487776484284052,0.9767171129220024,0.9837019790454016,0.18518518518518517,1.0,859
mistral_7b,0.30267753201396974,3.0448720226733132,0.0,0.9441210710128056,0.9720605355064028,0.9778812572759022,0.21851851851851853,1.0,859
mixtral_8x7b,0.2968568102444703,3.7526862710766125,0.0,0.9545983701979045,0.9790454016298021,0.9848661233993015,0.1648148148148148,1.0,859
flan_t5_xl,5.838183934807916,86.0819992432426,0.0,0.6274738067520372,0.7671711292200233,0.8544819557625145,0.662962962962963,1.0,859
gpt4o_mini,0.13271245634458673,0.9393728866941561,0.0,0.9545983701979045,0.9790454016298021,0.9860302677532014,0.17407407407407408,1.0,859
gemini_flash,0.19324796274738068,1.2311441624674375,0.0,0.9324796274738067,0.9674039580908033,0.980209545983702,0.26851851851851855,1.0,859
