{
  "overall": {
    "exact_match": 25.100806451612907,
    "exact_core_match": 59.87903225806451,
    "fuzzy_match": 27.318548387096776,
    "fuzzy_core_match": 60.98790322580645,
    "total_examples": 992,
    "micro_exact_precision": 70.03030303030303,
    "micro_exact_recall": 80.6913407821229,
    "micro_exact_f1": 74.98377676833225,
    "micro_fuzzy_precision": 71.06060606060606,
    "micro_fuzzy_recall": 81.87849162011173,
    "micro_fuzzy_f1": 76.08695652173914
  },
  "levels": {
    "state": {
      "exact_precision": 96.6497461928934,
      "exact_recall": 95.96774193548387,
      "exact_f1": 96.30753667172485,
      "support": 992,
      "fuzzy_precision": 96.6497461928934,
      "fuzzy_recall": 95.96774193548387,
      "fuzzy_f1": 96.30753667172485
    },
    "district": {
      "exact_precision": 95.82484725050917,
      "exact_recall": 94.85887096774194,
      "exact_f1": 95.33941236068895,
      "support": 992,
      "fuzzy_precision": 96.43584521384929,
      "fuzzy_recall": 95.46370967741935,
      "fuzzy_f1": 95.94731509625127
    },
    "village": {
      "exact_precision": 48.5133020344288,
      "exact_recall": 83.33333333333334,
      "exact_f1": 61.32542037586549,
      "support": 372,
      "fuzzy_precision": 49.92175273865415,
      "fuzzy_recall": 85.75268817204301,
      "fuzzy_f1": 63.10583580613254
    },
    "other_locations": {
      "exact_precision": 15.561959654178676,
      "exact_recall": 21.25984251968504,
      "exact_f1": 17.970049916805326,
      "support": 508,
      "fuzzy_precision": 18.29971181556196,
      "fuzzy_recall": 25.0,
      "fuzzy_f1": 21.13144758735441
    }
  },
  "timing": {
    "total_time_seconds": 1373.5741686820984,
    "time_per_item_seconds": 1.3846513797198572,
    "throughput_items_per_second": 0.7222034474860525,
    "num_items": 992
  }
}