{
  "overall": {
    "exact_match": 3.8306451612903225,
    "exact_core_match": 36.29032258064516,
    "fuzzy_match": 4.133064516129032,
    "fuzzy_core_match": 36.895161290322584,
    "total_examples": 992,
    "micro_exact_precision": 53.4964105291146,
    "micro_exact_recall": 70.25139664804469,
    "micro_exact_f1": 60.73962264150943,
    "micro_fuzzy_precision": 54.53336878489763,
    "micro_fuzzy_recall": 71.61312849162012,
    "micro_fuzzy_f1": 61.91698113207547
  },
  "levels": {
    "state": {
      "exact_precision": 81.55241935483872,
      "exact_recall": 81.55241935483872,
      "exact_f1": 81.55241935483872,
      "support": 992,
      "fuzzy_precision": 81.55241935483872,
      "fuzzy_recall": 81.55241935483872,
      "fuzzy_f1": 81.55241935483872
    },
    "district": {
      "exact_precision": 82.44197780020181,
      "exact_recall": 82.35887096774194,
      "exact_f1": 82.40040342914774,
      "support": 992,
      "fuzzy_precision": 82.744702320888,
      "fuzzy_recall": 82.66129032258065,
      "fuzzy_f1": 82.7029752899647
    },
    "village": {
      "exact_precision": 35.731707317073166,
      "exact_recall": 78.76344086021506,
      "exact_f1": 49.16107382550335,
      "support": 372,
      "fuzzy_precision": 36.70731707317073,
      "fuzzy_recall": 80.91397849462365,
      "fuzzy_f1": 50.50335570469798
    },
    "other_locations": {
      "exact_precision": 9.707724425887266,
      "exact_recall": 18.30708661417323,
      "exact_f1": 12.687585266030014,
      "support": 508,
      "fuzzy_precision": 12.630480167014612,
      "fuzzy_recall": 23.818897637795274,
      "fuzzy_f1": 16.5075034106412
    }
  },
  "timing": {
    "total_time_seconds": 140.38916182518005,
    "time_per_item_seconds": 0.14152133248506055,
    "throughput_items_per_second": 7.0660725308360375,
    "num_items": 992
  }
}