Model,Exact Match,Exact Core,Fuzzy Match,Fuzzy Core,Micro Exact F1,Micro Fuzzy F1,N
llama3_8b,9.67741935483871,38.104838709677416,10.181451612903226,39.314516129032256,68.40272520817562,69.06888720666163,992
mistral_7b,3.8306451612903225,36.29032258064516,4.133064516129032,36.895161290322584,60.73962264150943,61.91698113207547,992
mixtral_8x7b,9.778225806451612,31.25,11.59274193548387,32.358870967741936,68.48726603252531,69.53053083768027,992
gpt4o_mini,25.279187817258887,60.304568527918775,27.51269035532995,61.42131979695431,75.21562245728234,76.32221318144832,985
