{
  "overall": {
    "exact_match": 43.44758064516129,
    "exact_core_match": 73.68951612903226,
    "fuzzy_match": 44.858870967741936,
    "fuzzy_core_match": 74.79838709677419,
    "total_examples": 992,
    "micro_exact_precision": 79.65760322255791,
    "micro_exact_recall": 82.85614525139665,
    "micro_exact_f1": 81.2253979120315,
    "micro_fuzzy_precision": 80.46324269889224,
    "micro_fuzzy_recall": 83.69413407821229,
    "micro_fuzzy_f1": 82.04689371897997
  },
  "levels": {
    "state": {
      "exact_precision": 96.25506072874494,
      "exact_recall": 95.86693548387096,
      "exact_f1": 96.06060606060606,
      "support": 992,
      "fuzzy_precision": 96.25506072874494,
      "fuzzy_recall": 95.86693548387096,
      "fuzzy_f1": 96.06060606060606
    },
    "district": {
      "exact_precision": 95.7688338493292,
      "exact_recall": 93.54838709677419,
      "exact_f1": 94.64558898521163,
      "support": 992,
      "fuzzy_precision": 96.28482972136223,
      "fuzzy_recall": 94.05241935483872,
      "fuzzy_f1": 95.15553289138195
    },
    "village": {
      "exact_precision": 67.5233644859813,
      "exact_recall": 77.68817204301075,
      "exact_f1": 72.25000000000001,
      "support": 372,
      "fuzzy_precision": 69.62616822429906,
      "fuzzy_recall": 80.10752688172043,
      "fuzzy_f1": 74.5
    },
    "other_locations": {
      "exact_precision": 34.51178451178451,
      "exact_recall": 40.354330708661415,
      "exact_f1": 37.205081669691474,
      "support": 508,
      "fuzzy_precision": 36.195286195286194,
      "fuzzy_recall": 42.322834645669296,
      "fuzzy_f1": 39.01996370235935
    }
  }
}