model,mae,mae_p,mae_diff,mae_significant,mae_better,rmse,rmse_p,rmse_diff,rmse_significant,rmse_better,within_1,within_1_p,within_1_diff,within_1_significant,within_1_better,within_2,within_2_p,within_2_diff,within_2_significant,within_2_better,nonzero_mae,nonzero_mae_p,nonzero_mae_diff,nonzero_mae_significant,nonzero_mae_better
gpt4o_mini,0.13269243306169964,0,-0.23750547147846346,TRUE,TRUE,0.9201312681509947,0.0092,-1.286325549466174,TRUE,TRUE,0.9790835855646101,0,0.03263422584400466,TRUE,TRUE,0.9860817229336437,0.0136,0.012857043073341012,TRUE,TRUE,0.1740034418633167,0,-0.3834039655440896,TRUE,TRUE
llama3_8b,0.2349268917345751,0.2128,-0.135271012805588,FALSE,TRUE,2.4769984838275656,0.8508,0.27054166621039677,FALSE,FALSE,0.9766530849825379,0,0.03020372526193249,TRUE,TRUE,0.9836868451688009,0.0512,0.010462165308498195,FALSE,TRUE,0.18508039732153603,0,-0.3723270100858703,TRUE,TRUE
mistral_7b,0.3013140861466822,0.5172,-0.0688838183934809,FALSE,TRUE,2.8277290167399314,0.6076,0.6212721991227625,FALSE,FALSE,0.9720421420256112,4e-4,0.025592782305005835,TRUE,TRUE,0.9779431897555297,0.4764,0.004718509895227041,FALSE,TRUE,0.21887062572520968,0,-0.3385367816821967,TRUE,TRUE
mixtral_8x7b,0.29826635622817227,0.5752,-0.07193154831199083,FALSE,TRUE,3.5124408871679083,0.3696,1.3059840695507394,FALSE,FALSE,0.9791422584400465,0,0.032692898719441144,TRUE,TRUE,0.9849077997671711,0.0324,0.011683119906868433,TRUE,TRUE,0.16404295030270527,0,-0.3933644571047011,TRUE,TRUE
