{
  "overall": {
    "mae": 0.11641443538998836,
    "rmse": 0.8454493676705475,
    "mdae": 0.0,
    "exact_match": 0.959254947613504,
    "within_1": 0.9813736903376019,
    "within_2": 0.9871944121071012,
    "nonzero_mae": 0.14814814814814814,
    "extraction_rate": 1.0
  },
  "bins": {
    "0": {
      "mae": 0.06269592476489028,
      "rmse": 0.6529412595335463,
      "exact_match": 0.9843260188087775,
      "within_1": 0.9905956112852664,
      "within_2": 0.9937304075235109,
      "n": 319
    },
    "1": {
      "mae": 0.06153846153846154,
      "rmse": 0.3922322702763681,
      "exact_match": 0.963076923076923,
      "within_1": 0.9876923076923076,
      "within_2": 0.9938461538461538,
      "n": 325
    },
    "2": {
      "mae": 0.058823529411764705,
      "rmse": 0.28005601680560194,
      "exact_match": 0.9509803921568627,
      "within_1": 0.9901960784313726,
      "within_2": 1.0,
      "n": 102
    },
    "3-5": {
      "mae": 0.18666666666666668,
      "rmse": 0.7483314773547883,
      "exact_match": 0.9066666666666666,
      "within_1": 0.96,
      "within_2": 0.9733333333333334,
      "n": 75
    },
    "6+": {
      "mae": 1.0526315789473684,
      "rmse": 3.153944898227081,
      "exact_match": 0.8421052631578947,
      "within_1": 0.868421052631579,
      "within_2": 0.868421052631579,
      "n": 38
    }
  }
}