{
  "overall": {
    "mae": 0.29336437718277064,
    "rmse": 3.1069414192317555,
    "mdae": 0.0,
    "exact_match": 0.9313154831199069,
    "within_1": 0.9732246798603027,
    "within_2": 0.9837019790454016,
    "nonzero_mae": 0.387037037037037,
    "extraction_rate": 1.0
  },
  "bins": {
    "0": {
      "mae": 0.13479623824451412,
      "rmse": 0.9418849905499065,
      "exact_match": 0.9623824451410659,
      "within_1": 0.9780564263322884,
      "within_2": 0.987460815047022,
      "n": 319
    },
    "1": {
      "mae": 0.055384615384615386,
      "rmse": 0.3038218101251,
      "exact_match": 0.9569230769230769,
      "within_1": 0.9938461538461538,
      "within_2": 0.9938461538461538,
      "n": 325
    },
    "2": {
      "mae": 0.0784313725490196,
      "rmse": 0.3429971702850177,
      "exact_match": 0.9411764705882353,
      "within_1": 0.9803921568627451,
      "within_2": 1.0,
      "n": 102
    },
    "3-5": {
      "mae": 0.30666666666666664,
      "rmse": 0.8406346808612327,
      "exact_match": 0.8,
      "within_1": 0.9466666666666667,
      "within_2": 0.9733333333333334,
      "n": 75
    },
    "6+": {
      "mae": 4.2105263157894735,
      "rmse": 14.431325576492856,
      "exact_match": 0.6842105263157895,
      "within_1": 0.7894736842105263,
      "within_2": 0.8421052631578947,
      "n": 38
    }
  }
}