{
  "overall": {
    "mae": 0.1559953434225844,
    "rmse": 1.1750213630931405,
    "mdae": 0.0,
    "exact_match": 0.9499417927823051,
    "within_1": 0.9778812572759022,
    "within_2": 0.9871944121071012,
    "nonzero_mae": 0.20925925925925926,
    "extraction_rate": 1.0
  },
  "bins": {
    "0": {
      "mae": 0.06583072100313479,
      "rmse": 0.6309668154959128,
      "exact_match": 0.9811912225705329,
      "within_1": 0.987460815047022,
      "within_2": 0.9937304075235109,
      "n": 319
    },
    "1": {
      "mae": 0.04,
      "rmse": 0.24178820993079556,
      "exact_match": 0.9661538461538461,
      "within_1": 0.9969230769230769,
      "within_2": 0.9969230769230769,
      "n": 325
    },
    "2": {
      "mae": 0.06862745098039216,
      "rmse": 0.32839478871459266,
      "exact_match": 0.9509803921568627,
      "within_1": 0.9803921568627451,
      "within_2": 1.0,
      "n": 102
    },
    "3-5": {
      "mae": 0.24,
      "rmse": 0.8,
      "exact_match": 0.8666666666666667,
      "within_1": 0.9466666666666667,
      "within_2": 0.9733333333333334,
      "n": 75
    },
    "6+": {
      "mae": 1.9736842105263157,
      "rmse": 5.0809240767486585,
      "exact_match": 0.7105263157894737,
      "within_1": 0.7894736842105263,
      "within_2": 0.8421052631578947,
      "n": 38
    }
  }
}