{
  "overall": {
    "mae": 0.27473806752037255,
    "rmse": 1.614832298641484,
    "mdae": 0.0,
    "exact_match": 0.9091967403958091,
    "within_1": 0.9627473806752037,
    "within_2": 0.9767171129220024,
    "nonzero_mae": 0.29814814814814816,
    "extraction_rate": 1.0
  },
  "bins": {
    "0": {
      "mae": 0.23510971786833856,
      "rmse": 1.5586747847577116,
      "exact_match": 0.9247648902821317,
      "within_1": 0.9717868338557993,
      "within_2": 0.9843260188087775,
      "n": 319
    },
    "1": {
      "mae": 0.033846153846153845,
      "rmse": 0.2660248687044705,
      "exact_match": 0.9784615384615385,
      "within_1": 0.9938461538461538,
      "within_2": 0.9938461538461538,
      "n": 325
    },
    "2": {
      "mae": 0.1568627450980392,
      "rmse": 0.44280744277004763,
      "exact_match": 0.8627450980392157,
      "within_1": 0.9803921568627451,
      "within_2": 1.0,
      "n": 102
    },
    "3-5": {
      "mae": 0.4266666666666667,
      "rmse": 1.0327955589886444,
      "exact_match": 0.76,
      "within_1": 0.8933333333333333,
      "within_2": 0.96,
      "n": 75
    },
    "6+": {
      "mae": 2.6842105263157894,
      "rmse": 5.94270893395295,
      "exact_match": 0.6052631578947368,
      "within_1": 0.7105263157894737,
      "within_2": 0.7368421052631579,
      "n": 38
    }
  }
}