{
  "overall": {
    "mae": 0.2724097788125728,
    "rmse": 3.20723861149422,
    "mdae": 0.0,
    "exact_match": 0.9452852153667055,
    "within_1": 0.9767171129220024,
    "within_2": 0.9860302677532014,
    "nonzero_mae": 0.3888888888888889,
    "extraction_rate": 1.0
  },
  "bins": {
    "0": {
      "mae": 0.07523510971786834,
      "rmse": 0.6383756816889149,
      "exact_match": 0.9717868338557993,
      "within_1": 0.987460815047022,
      "within_2": 0.9937304075235109,
      "n": 319
    },
    "1": {
      "mae": 0.036923076923076927,
      "rmse": 0.23533936216582085,
      "exact_match": 0.9692307692307692,
      "within_1": 0.9969230769230769,
      "within_2": 0.9969230769230769,
      "n": 325
    },
    "2": {
      "mae": 0.058823529411764705,
      "rmse": 0.3131121455425747,
      "exact_match": 0.9607843137254902,
      "within_1": 0.9803921568627451,
      "within_2": 1.0,
      "n": 102
    },
    "3-5": {
      "mae": 0.29333333333333333,
      "rmse": 0.8326663997864531,
      "exact_match": 0.8133333333333334,
      "within_1": 0.9466666666666667,
      "within_2": 0.9733333333333334,
      "n": 75
    },
    "6+": {
      "mae": 4.473684210526316,
      "rmse": 15.066519173319364,
      "exact_match": 0.7368421052631579,
      "within_1": 0.7631578947368421,
      "within_2": 0.8157894736842105,
      "n": 38
    }
  }
}