{
  "overall": {
    "mae": 0.3341094295692666,
    "rmse": 1.7327227962682894,
    "mdae": 0.0,
    "exact_match": 0.8917345750873108,
    "within_1": 0.9487776484284052,
    "within_2": 0.9650756693830035,
    "nonzero_mae": 0.42407407407407405,
    "extraction_rate": 1.0
  },
  "bins": {
    "0": {
      "mae": 0.18181818181818182,
      "rmse": 1.4918797971531101,
      "exact_match": 0.9498432601880877,
      "within_1": 0.9843260188087775,
      "within_2": 0.987460815047022,
      "n": 319
    },
    "1": {
      "mae": 0.055384615384615386,
      "rmse": 0.3038218101251,
      "exact_match": 0.9569230769230769,
      "within_1": 0.9938461538461538,
      "within_2": 0.9938461538461538,
      "n": 325
    },
    "2": {
      "mae": 0.23529411764705882,
      "rmse": 0.8043996665398437,
      "exact_match": 0.8823529411764706,
      "within_1": 0.9313725490196079,
      "within_2": 0.9803921568627451,
      "n": 102
    },
    "3-5": {
      "mae": 0.5066666666666667,
      "rmse": 1.1195237082497778,
      "exact_match": 0.6933333333333334,
      "within_1": 0.9066666666666666,
      "within_2": 0.9466666666666667,
      "n": 75
    },
    "6+": {
      "mae": 3.9210526315789473,
      "rmse": 6.647120468768096,
      "exact_match": 0.2631578947368421,
      "within_1": 0.39473684210526316,
      "within_2": 0.5263157894736842,
      "n": 38
    }
  }
}